{
  "train_loss": [
    0.7843216055551091,
    0.6297732230779287,
    0.6040789723799035,
    0.5938444772282162,
    0.5880813296984981,
    0.5829093876722696,
    0.5749636417305147,
    0.5721791510646408,
    0.5696463598190127,
    0.5685050107740067,
    0.5654360181173763,
    0.5628388878058743,
    0.5628302705449026,
    0.5609085806318231,
    0.5596839315987922,
    0.5594905724396577,
    0.5566306746892027,
    0.558404954261071,
    0.5555822137239818,
    0.553886855534605
  ],
  "val_loss": [
    0.6010027713066822,
    0.5583018873188946,
    0.5602238200806283,
    0.5571765798169214,
    0.5442757939970171,
    0.5499852997225684,
    0.5503308676384591,
    0.5466479467379081,
    0.5432991206645965,
    0.540463453209078,
    0.5453605220124528,
    0.5373407119029278,
    0.5419336847356848,
    0.5387335413211101,
    0.5404989941700085,
    0.541789981159004,
    0.5371770623567942,
    0.5364136019268552,
    0.5356035949410619,
    0.5338073348676836
  ],
  "train_acc": [
    90.80447635135135,
    96.63006756756756,
    97.53167229729729,
    97.80194256756756,
    97.98564189189189,
    98.20945945945945,
    98.4375,
    98.55996621621621,
    98.60219594594595,
    98.65498310810811,
    98.77533783783784,
    98.87246621621621,
    98.84501689189189,
    98.90413851351352,
    98.95059121621621,
    98.9358108108108,
    99.05827702702703,
    98.96748310810811,
    99.0772804054054,
    99.13429054054055
  ],
  "val_acc": [
    96.7820945945946,
    98.45439189189189,
    98.26858108108108,
    98.47972972972973,
    99.03716216216216,
    98.70777027027027,
    98.61486486486487,
    98.8429054054054,
    98.9695945945946,
    99.07939189189189,
    98.86824324324324,
    99.20608108108108,
    99.02027027027027,
    99.09628378378379,
    99.12162162162163,
    98.95270270270271,
    99.23141891891892,
    99.23141891891892,
    99.30743243243244,
    99.25675675675676
  ],
  "test_acc": 0.9944594594594595
}